{
    "figures": [
        {
            "geometryType": "cuboid_3d",
            "objectKey": "wear",
            "geometry": {
                "position": {
                    "x": 0.23809634467756935,
                    "y": -0.30876742292581816,
                    "z": 4.171482754296662
                },
                "dimensions": {
                    "x": 0.2735221942518584,
                    "y": 0.12320302462693271,
                    "z": 0.4010535447357273
                },
                "rotation": {
                    "x": 0.01119,
                    "y": -0.00703,
                    "z": -3.09735
                }
            },
            "door": "unknown"
        },
        {
            "geometryType": "cuboid_3d",
            "objectKey": "human",
            "geometry": {
                "position": {
                    "x": -0.2555633802816901,
                    "y": 0.09499999999999997,
                    "z": 3.9752501000000002
                },
                "dimensions": {
                    "x": 0.5659574468085107,
                    "y": 0.4683098591549295,
                    "z": 2.8494998000000002
                },
                "rotation": {
                    "x": 0.0,
                    "y": 0.0,
                    "z": 3.14159
                }
            },
            "door": "unknown"
        },
        {
            "geometryType": "cuboid_3d",
            "objectKey": "human",
            "geometry": {
                "position": {
                    "x": 0.681056338028169,
                    "y": 0.09601063829787232,
                    "z": 4.3422500500000005
                },
                "dimensions": {
                    "x": 0.5679787234042554,
                    "y": 0.5325352112676056,
                    "z": 2.1154999000000005
                },
                "rotation": {
                    "x": 0.0,
                    "y": 0.0,
                    "z": 3.14159
                }
            },
            "door": "unknown"
        },
        {
            "geometryType": "cuboid_3d",
            "objectKey": "human",
            "geometry": {
                "position": {
                    "x": -0.697112676056338,
                    "y": 0.2799468085106383,
                    "z": 4.11937505
                },
                "dimensions": {
                    "x": 0.5057746478873261,
                    "y": 0.45882978723404494,
                    "z": 2.5612499000000004
                },
                "rotation": {
                    "x": 0.0,
                    "y": 0.0,
                    "z": 0.0
                }
            },
            "door": "unknown"
        },
        {
            "geometryType": "cuboid_3d",
            "objectKey": "human",
            "geometry": {
                "position": {
                    "x": -0.6783802816901408,
                    "y": 0.6488297872340426,
                    "z": 4.40062505
                },
                "dimensions": {
                    "x": 0.5432394366197183,
                    "y": 0.22234042553191496,
                    "z": 1.9987499000000004
                },
                "rotation": {
                    "x": 3.14159,
                    "y": 0.0,
                    "z": 0.0
                }
            },
            "door": "unknown"
        }
    ]
}