{
    "figures": [
        {
            "geometryType": "cuboid_3d",
            "objectKey": "human",
            "geometry": {
                "position": {
                    "x": 0.6156741322069391,
                    "y": -0.37578811326491446,
                    "z": 3.4945996079262986
                },
                "dimensions": {
                    "x": 0.29762598586879185,
                    "y": 0.20553564549046874,
                    "z": 2.0638940927428973
                },
                "rotation": {
                    "x": 2.99968,
                    "y": 0.42198,
                    "z": -3.12015
                }
            },
            "door": "unknown"
        },
        {
            "geometryType": "cuboid_3d",
            "objectKey": "human",
            "geometry": {
                "position": {
                    "x": -0.030774647887323925,
                    "y": 0.06265957446808512,
                    "z": 4.0355001
                },
                "dimensions": {
                    "x": 0.5646478873239437,
                    "y": 0.501276595744681,
                    "z": 2.7289998000000004
                },
                "rotation": {
                    "x": 3.14159,
                    "y": 0.0,
                    "z": 0.0
                }
            },
            "door": "unknown"
        },
        {
            "geometryType": "cuboid_3d",
            "objectKey": "human",
            "geometry": {
                "position": {
                    "x": 0.711830985915493,
                    "y": 0.39212765957446816,
                    "z": 4.1158751
                },
                "dimensions": {
                    "x": 0.5417021276595744,
                    "y": 0.4709859154929598,
                    "z": 2.5682498000000007
                },
                "rotation": {
                    "x": 3.14159,
                    "y": 0.0,
                    "z": -0.0
                }
            },
            "door": "unknown"
        }
    ]
}