{
    "figures": [
        {
            "geometryType": "cuboid_3d",
            "objectKey": "wear",
            "geometry": {
                "position": {
                    "x": 0.27891028464233586,
                    "y": -0.22437177143861445,
                    "z": 4.950770438403033
                },
                "dimensions": {
                    "x": 0.03735377462847781,
                    "y": 0.014723842161756304,
                    "z": 0.08525718797753609
                },
                "rotation": {
                    "x": 2.90462,
                    "y": -0.04063,
                    "z": -0.07098
                }
            },
            "door": "unknown"
        },
        {
            "geometryType": "cuboid_3d",
            "objectKey": "human",
            "geometry": {
                "position": {
                    "x": 0.2274647887323944,
                    "y": 0.04042553191489359,
                    "z": 4.75225015
                },
                "dimensions": {
                    "x": 0.5191549295774655,
                    "y": 0.4568085106382979,
                    "z": 1.2954997000000008
                },
                "rotation": {
                    "x": 3.14159,
                    "y": -0.0,
                    "z": 3.14159
                }
            },
            "door": "unknown"
        }
    ]
}