{
    "figures": [
        {
            "geometryType": "cuboid_3d",
            "objectKey": "wear",
            "geometry": {
                "position": {
                    "x": 0.3066689576068514,
                    "y": -0.3581561625093151,
                    "z": 3.413213187884817
                },
                "dimensions": {
                    "x": 0.0344132031942619,
                    "y": 0.01904394652304968,
                    "z": 0.21306855623906784
                },
                "rotation": {
                    "x": 1.38007,
                    "y": 1.37228,
                    "z": 2.95425
                }
            },
            "door": "unknown"
        }
    ]
}