{
    "figures": [
        {
            "geometryType": "cuboid_3d",
            "objectKey": "human",
            "geometry": {
                "position": {
                    "x": 0.4159699482253897,
                    "y": -0.44485907211078324,
                    "z": 2.7731710088333
                },
                "dimensions": {
                    "x": 0.2879957020422118,
                    "y": 0.19055643078902212,
                    "z": 0.825170639482008
                },
                "rotation": {
                    "x": -2.76858,
                    "y": -0.14049,
                    "z": -1.93919
                }
            },
            "door": "unknown"
        },
        {
            "geometryType": "cuboid_3d",
            "objectKey": "human",
            "geometry": {
                "position": {
                    "x": 0.3559154929577465,
                    "y": -0.0343617021276596,
                    "z": 3.94362505
                },
                "dimensions": {
                    "x": 0.444225352112676,
                    "y": 0.30723404255319153,
                    "z": 2.9127499000000006
                },
                "rotation": {
                    "x": 0.0,
                    "y": 0.0,
                    "z": 0.0
                }
            },
            "door": "unknown"
        }
    ]
}