{
    "figures": [
        {
            "geometryType": "cuboid_3d",
            "objectKey": "wear",
            "geometry": {
                "position": {
                    "x": 0.3122719253681929,
                    "y": -0.2660238114267968,
                    "z": 4.315437314299149
                },
                "dimensions": {
                    "x": 0.10650619821048778,
                    "y": 0.0574703270569452,
                    "z": 0.1840515252422987
                },
                "rotation": {
                    "x": -2.64844,
                    "y": 0.51864,
                    "z": -1.09105
                }
            },
            "door": "unknown"
        },
        {
            "geometryType": "cuboid_3d",
            "objectKey": "human",
            "geometry": {
                "position": {
                    "x": 0.29302816901408457,
                    "y": -0.0333510638297872,
                    "z": 4.56337505
                },
                "dimensions": {
                    "x": 0.3666197183098592,
                    "y": 0.30925531914893634,
                    "z": 1.6732499000000005
                },
                "rotation": {
                    "x": 0.0,
                    "y": 0.0,
                    "z": 0.0
                }
            },
            "door": "unknown"
        }
    ]
}