{
    "figures": [
        {
            "geometryType": "cuboid_3d",
            "objectKey": "wear",
            "geometry": {
                "position": {
                    "x": 0.2872118619454119,
                    "y": -0.41405849615928697,
                    "z": 3.566276448011108
                },
                "dimensions": {
                    "x": 0.01625692857573803,
                    "y": 0.00944069720474218,
                    "z": 0.06180033918575905
                },
                "rotation": {
                    "x": -3.06232,
                    "y": -0.12036,
                    "z": 2.98209
                }
            },
            "door": "unknown"
        }
    ]
}