{
    "figures": [
        {
            "geometryType": "cuboid_3d",
            "objectKey": "wear",
            "geometry": {
                "position": {
                    "x": 0.3797862749569323,
                    "y": -0.3917073678807149,
                    "z": 3.3144565240714874
                },
                "dimensions": {
                    "x": 0.25602563329001704,
                    "y": 0.2348706736807323,
                    "z": 0.8235911455542766
                },
                "rotation": {
                    "x": -2.92779,
                    "y": -0.04086,
                    "z": 0.00995
                }
            },
            "door": "unknown"
        },
        {
            "geometryType": "cuboid_3d",
            "objectKey": "human",
            "geometry": {
                "position": {
                    "x": 0.3907042253521127,
                    "y": -0.09196808510638299,
                    "z": 4.05450005
                },
                "dimensions": {
                    "x": 0.4495774647887325,
                    "y": 0.19202127659574483,
                    "z": 2.6909999000000004
                },
                "rotation": {
                    "x": -3.14159,
                    "y": 0.0,
                    "z": 0.0
                }
            },
            "door": "unknown"
        },
        {
            "geometryType": "cuboid_3d",
            "objectKey": "human",
            "geometry": {
                "position": {
                    "x": -0.7907746478873239,
                    "y": 0.6023404255319149,
                    "z": 4.7226251999999995
                },
                "dimensions": {
                    "x": 0.31845070422538885,
                    "y": 0.3153191489362059,
                    "z": 1.3547496000000012
                },
                "rotation": {
                    "x": 3.14159,
                    "y": -0.0,
                    "z": -3.14159
                }
            },
            "door": "unknown"
        }
    ]
}