{
    "figures": [
        {
            "geometryType": "cuboid_3d",
            "objectKey": "wear",
            "geometry": {
                "position": {
                    "x": 0.46605722484449236,
                    "y": -0.3259352989389577,
                    "z": 3.500158650133602
                },
                "dimensions": {
                    "x": 0.302702843781529,
                    "y": 0.0622164749826794,
                    "z": 1.6218545855021993
                },
                "rotation": {
                    "x": 3.07426,
                    "y": -0.00496,
                    "z": -0.00145
                }
            },
            "door": "unknown"
        },
        {
            "geometryType": "cuboid_3d",
            "objectKey": "human",
            "geometry": {
                "position": {
                    "x": 0.4790140845070422,
                    "y": -0.06973404255319149,
                    "z": 4.14725015
                },
                "dimensions": {
                    "x": 0.34253521126760567,
                    "y": 0.23648936170212775,
                    "z": 2.5054997000000006
                },
                "rotation": {
                    "x": 0.0,
                    "y": 0.0,
                    "z": 0.0
                }
            },
            "door": "unknown"
        },
        {
            "geometryType": "cuboid_3d",
            "objectKey": "human",
            "geometry": {
                "position": {
                    "x": 0.40676056338028166,
                    "y": 0.4537765957446809,
                    "z": 4.07362505
                },
                "dimensions": {
                    "x": 0.9045070422535211,
                    "y": 0.6124468085106383,
                    "z": 2.6527499000000003
                },
                "rotation": {
                    "x": 0.0,
                    "y": 0.0,
                    "z": 0.0
                }
            },
            "door": "unknown"
        }
    ]
}