{
    "figures": [
        {
            "geometryType": "cuboid_3d",
            "objectKey": "human",
            "geometry": {
                "position": {
                    "x": 0.3109809459745107,
                    "y": -0.33536448069762487,
                    "z": 3.72166985332273
                },
                "dimensions": {
                    "x": 0.34981248417958266,
                    "y": 0.20304048542459774,
                    "z": 2.5508247204101404
                },
                "rotation": {
                    "x": -0.00164,
                    "y": 0.00379,
                    "z": 3.0849
                }
            },
            "door": "unknown"
        },
        {
            "geometryType": "cuboid_3d",
            "objectKey": "human",
            "geometry": {
                "position": {
                    "x": 0.19669014084507042,
                    "y": 0.26882978723404255,
                    "z": 4.04712505
                },
                "dimensions": {
                    "x": 0.6427659574468086,
                    "y": 0.43619718309859157,
                    "z": 2.7057499000000003
                },
                "rotation": {
                    "x": 0.0,
                    "y": 0.0,
                    "z": -3.14159
                }
            },
            "door": "unknown"
        }
    ]
}