{
    "figures": [
        {
            "geometryType": "cuboid_3d",
            "objectKey": "human",
            "geometry": {
                "position": {
                    "x": 0.21223707393700048,
                    "y": -0.26413062207266225,
                    "z": 4.367689497760797
                },
                "dimensions": {
                    "x": 0.16125242115377425,
                    "y": 0.14110610102704155,
                    "z": 0.9037069607214986
                },
                "rotation": {
                    "x": -2.92098,
                    "y": -0.07722,
                    "z": 0.03966
                }
            },
            "door": "unknown"
        },
        {
            "geometryType": "cuboid_3d",
            "objectKey": "human",
            "geometry": {
                "position": {
                    "x": 0.23816901408450702,
                    "y": -0.09196808510638299,
                    "z": 4.65062505
                },
                "dimensions": {
                    "x": 0.3853521126760565,
                    "y": 0.19202127659574475,
                    "z": 1.4987499000000004
                },
                "rotation": {
                    "x": 0.0,
                    "y": 0.0,
                    "z": 0.0
                }
            },
            "door": "unknown"
        }
    ]
}