{
    "figures": [
        {
            "geometryType": "cuboid_3d",
            "objectKey": "wear",
            "geometry": {
                "position": {
                    "x": 0.15831790055289785,
                    "y": -0.35945444750198796,
                    "z": 3.316686405514281
                },
                "dimensions": {
                    "x": 0.3522237043010795,
                    "y": 0.2034507785181715,
                    "z": 0.9485145545833631
                },
                "rotation": {
                    "x": 3.14041,
                    "y": 0.03449,
                    "z": -3.13904
                }
            },
            "door": "unknown"
        },
        {
            "geometryType": "cuboid_3d",
            "objectKey": "human",
            "geometry": {
                "position": {
                    "x": -0.1632394366197183,
                    "y": 0.008085106382978713,
                    "z": 3.9635001
                },
                "dimensions": {
                    "x": 0.46563380281690137,
                    "y": 0.39212765957446816,
                    "z": 2.8729998000000005
                },
                "rotation": {
                    "x": 0.0,
                    "y": 0.0,
                    "z": 0.0
                }
            },
            "door": "unknown"
        },
        {
            "geometryType": "cuboid_3d",
            "objectKey": "human",
            "geometry": {
                "position": {
                    "x": 0.6476056338028169,
                    "y": 0.2001063829787234,
                    "z": 3.9918750000000003
                },
                "dimensions": {
                    "x": 0.7438297872340425,
                    "y": 0.5994366197183099,
                    "z": 2.81625
                },
                "rotation": {
                    "x": 0.0,
                    "y": 0.0,
                    "z": 3.14159
                }
            },
            "door": "unknown"
        },
        {
            "geometryType": "cuboid_3d",
            "objectKey": "human",
            "geometry": {
                "position": {
                    "x": -0.6355633802816901,
                    "y": 0.5315957446808511,
                    "z": 4.0923751
                },
                "dimensions": {
                    "x": 0.6288732394366197,
                    "y": 0.4568085106382978,
                    "z": 2.6152498000000004
                },
                "rotation": {
                    "x": 0.0,
                    "y": 0.0,
                    "z": 0.0
                }
            },
            "door": "unknown"
        }
    ]
}