{
    "figures": [
        {
            "geometryType": "cuboid_3d",
            "objectKey": "human",
            "geometry": {
                "position": {
                    "x": 0.2905586504139274,
                    "y": -0.31543131057177815,
                    "z": 3.5573621245422125
                },
                "dimensions": {
                    "x": 0.28194403919918726,
                    "y": 0.1837262278298641,
                    "z": 0.6075028168557444
                },
                "rotation": {
                    "x": -0.01902,
                    "y": 0.01534,
                    "z": 3.03869
                }
            },
            "door": "unknown"
        },
        {
            "geometryType": "cuboid_3d",
            "objectKey": "human",
            "geometry": {
                "position": {
                    "x": 0.3813380281690141,
                    "y": -0.06265957446808512,
                    "z": 3.94925005
                },
                "dimensions": {
                    "x": 0.51112676056338,
                    "y": 0.2506382978723405,
                    "z": 2.9014999000000006
                },
                "rotation": {
                    "x": 0.0,
                    "y": 0.0,
                    "z": 0.0
                }
            },
            "door": "unknown"
        }
    ]
}