{
    "figures": [
        {
            "geometryType": "cuboid_3d",
            "objectKey": "human",
            "geometry": {
                "position": {
                    "x": 0.6805117398145187,
                    "y": -0.3153958090016778,
                    "z": 3.533855610410067
                },
                "dimensions": {
                    "x": 0.30944289270814446,
                    "y": 0.1777262189504896,
                    "z": 1.5358852400216714
                },
                "rotation": {
                    "x": -3.01445,
                    "y": -0.32098,
                    "z": -0.808
                }
            },
            "door": "unknown"
        },
        {
            "geometryType": "cuboid_3d",
            "objectKey": "human",
            "geometry": {
                "position": {
                    "x": 0.7907746478873239,
                    "y": -0.07276595744680853,
                    "z": 4.2642501
                },
                "dimensions": {
                    "x": 0.3130985915492984,
                    "y": 0.23042553191489396,
                    "z": 2.271499800000001
                },
                "rotation": {
                    "x": 3.14159,
                    "y": -0.0,
                    "z": 3.14159
                }
            },
            "door": "unknown"
        }
    ]
}