{
    "figures": [
        {
            "geometryType": "cuboid_3d",
            "objectKey": "wear",
            "geometry": {
                "position": {
                    "x": 0.3515710409308379,
                    "y": -0.33535557736300775,
                    "z": 3.717910077049391
                },
                "dimensions": {
                    "x": 0.16237464770870588,
                    "y": 0.1069117295134434,
                    "z": 0.30850778295177417
                },
                "rotation": {
                    "x": -0.34693,
                    "y": 0.67493,
                    "z": 0.95056
                }
            },
            "door": "unknown"
        }
    ]
}