{
    "figures": [
        {
            "geometryType": "cuboid_3d",
            "objectKey": "human",
            "geometry": {
                "position": {
                    "x": 0.11106873612361232,
                    "y": -0.3390371804010779,
                    "z": 3.918896843234572
                },
                "dimensions": {
                    "x": 0.27619545073004315,
                    "y": 0.11947409493604111,
                    "z": 1.8238661355265635
                },
                "rotation": {
                    "x": 3.13016,
                    "y": 0.11787,
                    "z": -3.13147
                }
            },
            "door": "unknown"
        },
        {
            "geometryType": "cuboid_3d",
            "objectKey": "human",
            "geometry": {
                "position": {
                    "x": 0.76,
                    "y": 0.0687234042553192,
                    "z": 4.4086251
                },
                "dimensions": {
                    "x": 0.37464788732394655,
                    "y": 0.2991489361702131,
                    "z": 1.9827498000000012
                },
                "rotation": {
                    "x": -3.14159,
                    "y": -0.0,
                    "z": -3.14159
                }
            },
            "door": "unknown"
        },
        {
            "geometryType": "cuboid_3d",
            "objectKey": "human",
            "geometry": {
                "position": {
                    "x": -0.06021126760563372,
                    "y": 0.16978723404255325,
                    "z": 4.019250100000001
                },
                "dimensions": {
                    "x": 0.4254929577464789,
                    "y": 0.4002127659574468,
                    "z": 2.7614998
                },
                "rotation": {
                    "x": 0.0,
                    "y": 0.0,
                    "z": 0.0
                }
            },
            "door": "unknown"
        },
        {
            "geometryType": "cuboid_3d",
            "objectKey": "human",
            "geometry": {
                "position": {
                    "x": 0.4990845070422536,
                    "y": 0.45984042553191495,
                    "z": 4.07987505
                },
                "dimensions": {
                    "x": 0.6003191489361707,
                    "y": 0.5004225352112697,
                    "z": 2.6402499000000006
                },
                "rotation": {
                    "x": -3.14159,
                    "y": 0.0,
                    "z": 0.0
                }
            },
            "door": "unknown"
        }
    ]
}