{
    "figures": [
        {
            "geometryType": "cuboid_3d",
            "objectKey": "human",
            "geometry": {
                "position": {
                    "x": 0.18354534818318716,
                    "y": -0.38498585750590814,
                    "z": 2.9453346560881726
                },
                "dimensions": {
                    "x": 0.2230153482956644,
                    "y": 0.13070218648355075,
                    "z": 0.721800068691507
                },
                "rotation": {
                    "x": -0.38624,
                    "y": 0.15821,
                    "z": -1.34719
                }
            },
            "door": "unknown"
        },
        {
            "geometryType": "cuboid_3d",
            "objectKey": "human",
            "geometry": {
                "position": {
                    "x": 0.03211267605633794,
                    "y": -0.06164893617021272,
                    "z": 4.09100005
                },
                "dimensions": {
                    "x": 0.3853521126760562,
                    "y": 0.2526595744680853,
                    "z": 2.6179999000000005
                },
                "rotation": {
                    "x": 0.0,
                    "y": 0.0,
                    "z": 0.0
                }
            },
            "door": "unknown"
        }
    ]
}