{
    "figures": [
        {
            "geometryType": "cuboid_3d",
            "objectKey": "wear",
            "geometry": {
                "position": {
                    "x": 0.2989303869749963,
                    "y": -0.3395671062227309,
                    "z": 3.911173438512356
                },
                "dimensions": {
                    "x": 0.08591659383475506,
                    "y": 0.05961080331164344,
                    "z": 0.6646302007002342
                },
                "rotation": {
                    "x": 3.13912,
                    "y": 0.01233,
                    "z": -3.13951
                }
            },
            "door": "unknown"
        },
        {
            "geometryType": "cuboid_3d",
            "objectKey": "human",
            "geometry": {
                "position": {
                    "x": -0.2261267605633803,
                    "y": 0.6457978723404256,
                    "z": 4.3226251
                },
                "dimensions": {
                    "x": 0.505774647887324,
                    "y": 0.22840425531914887,
                    "z": 2.1547498000000003
                },
                "rotation": {
                    "x": 0.0,
                    "y": 0.0,
                    "z": 0.0
                }
            },
            "door": "unknown"
        }
    ]
}