{
    "figures": [
        {
            "geometryType": "cuboid_3d",
            "objectKey": "wear",
            "geometry": {
                "position": {
                    "x": 0.4909370726511032,
                    "y": -0.26718973135327273,
                    "z": 4.007313267174291
                },
                "dimensions": {
                    "x": 0.3818660195399937,
                    "y": 0.1362213088121524,
                    "z": 1.474852081127072
                },
                "rotation": {
                    "x": 3.0038,
                    "y": -0.02036,
                    "z": -0.01571
                }
            },
            "door": "unknown"
        },
        {
            "geometryType": "cuboid_3d",
            "objectKey": "human",
            "geometry": {
                "position": {
                    "x": 0.6047887323943663,
                    "y": 0.06468085106382981,
                    "z": 3.9866250500000002
                },
                "dimensions": {
                    "x": 0.6850704225352111,
                    "y": 0.5053191489361704,
                    "z": 2.8267499000000003
                },
                "rotation": {
                    "x": 0.0,
                    "y": 0.0,
                    "z": 0.0
                }
            },
            "door": "unknown"
        }
    ]
}