{
    "figures": [
        {
            "geometryType": "cuboid_3d",
            "objectKey": "wear",
            "geometry": {
                "position": {
                    "x": 0.28678012567852273,
                    "y": -0.2894158151893423,
                    "z": 3.95436990869762
                },
                "dimensions": {
                    "x": 0.10249317814946698,
                    "y": 0.03417958577430981,
                    "z": 0.3673964099504272
                },
                "rotation": {
                    "x": 3.10463,
                    "y": -0.11499,
                    "z": -3.11367
                }
            },
            "door": "unknown"
        },
        {
            "geometryType": "cuboid_3d",
            "objectKey": "human",
            "geometry": {
                "position": {
                    "x": 0.15119718309859148,
                    "y": 0.06265957446808512,
                    "z": 4.0240001
                },
                "dimensions": {
                    "x": 0.501276595744681,
                    "y": 0.4683098591549294,
                    "z": 2.7519998000000006
                },
                "rotation": {
                    "x": 0.0,
                    "y": 0.0,
                    "z": 3.14159
                }
            },
            "door": "unknown"
        }
    ]
}