{
    "figures": [
        {
            "geometryType": "cuboid_3d",
            "objectKey": "wear",
            "geometry": {
                "position": {
                    "x": 0.2749607288551743,
                    "y": -0.29842284092262056,
                    "z": 4.2780741604119745
                },
                "dimensions": {
                    "x": 0.07644806580456569,
                    "y": 0.0347627795778815,
                    "z": 0.23125858131025026
                },
                "rotation": {
                    "x": 0.42075,
                    "y": 0.008,
                    "z": 2.19638
                }
            },
            "door": "unknown"
        }
    ]
}