{
    "figures": [
        {
            "geometryType": "cuboid_3d",
            "objectKey": "wear",
            "geometry": {
                "position": {
                    "x": 0.2863762951951664,
                    "y": -0.2852228049919438,
                    "z": 4.13674037009481
                },
                "dimensions": {
                    "x": 0.0354521939023205,
                    "y": 0.021051869457763654,
                    "z": 0.14048063024832835
                },
                "rotation": {
                    "x": -0.68337,
                    "y": 1.08044,
                    "z": -2.25828
                }
            },
            "door": "unknown"
        }
    ]
}