{
    "figures": [
        {
            "geometryType": "cuboid_3d",
            "objectKey": "wear",
            "geometry": {
                "position": {
                    "x": 0.0970055544706711,
                    "y": -0.3221998355418137,
                    "z": 3.9750203927674064
                },
                "dimensions": {
                    "x": 0.6241687269877649,
                    "y": 0.12532109540263692,
                    "z": 1.782445055242453
                },
                "rotation": {
                    "x": 3.14032,
                    "y": -0.00127,
                    "z": -3.12439
                }
            },
            "door": "unknown"
        },
        {
            "geometryType": "cuboid_3d",
            "objectKey": "human",
            "geometry": {
                "position": {
                    "x": 0.7225352112676056,
                    "y": 0.26579787234042557,
                    "z": 4.0245001
                },
                "dimensions": {
                    "x": 0.4871276595744697,
                    "y": 0.4495774647887354,
                    "z": 2.7509998000000007
                },
                "rotation": {
                    "x": -3.14159,
                    "y": 0.0,
                    "z": 0.0
                }
            },
            "door": "unknown"
        },
        {
            "geometryType": "cuboid_3d",
            "objectKey": "human",
            "geometry": {
                "position": {
                    "x": -0.4576056338028169,
                    "y": 0.23952127659574474,
                    "z": 4.00912505
                },
                "dimensions": {
                    "x": 0.9847887323943662,
                    "y": 0.8347872340425533,
                    "z": 2.7817499000000003
                },
                "rotation": {
                    "x": 3.14159,
                    "y": 0.0,
                    "z": 0.0
                }
            },
            "door": "unknown"
        }
    ]
}