{
    "figures": [
        {
            "geometryType": "cuboid_3d",
            "objectKey": "human",
            "geometry": {
                "position": {
                    "x": 0.43531784480558694,
                    "y": -0.3976861347617805,
                    "z": 3.328991691098168
                },
                "dimensions": {
                    "x": 0.46347256040291585,
                    "y": 0.1710287618547905,
                    "z": 1.6490920420672612
                },
                "rotation": {
                    "x": 0.01644,
                    "y": -0.0307,
                    "z": -2.87768
                }
            },
            "door": "unknown"
        }
    ]
}