{
    "figures": [
        {
            "geometryType": "cuboid_3d",
            "objectKey": "wear",
            "geometry": {
                "position": {
                    "x": 0.15875337944234105,
                    "y": -0.26741158763749884,
                    "z": 4.308011575136639
                },
                "dimensions": {
                    "x": 0.22488872428784554,
                    "y": 0.12111707832448422,
                    "z": 0.752422433752368
                },
                "rotation": {
                    "x": -0.0539,
                    "y": -0.00378,
                    "z": 0.00718
                }
            },
            "door": "unknown"
        },
        {
            "geometryType": "cuboid_3d",
            "objectKey": "human",
            "geometry": {
                "position": {
                    "x": 0.14718309859154932,
                    "y": -0.0778191489361702,
                    "z": 4.7265
                },
                "dimensions": {
                    "x": 0.34253521126760567,
                    "y": 0.22031914893617033,
                    "z": 1.3470000000000004
                },
                "rotation": {
                    "x": 0.0,
                    "y": 0.0,
                    "z": 0.0
                }
            },
            "door": "unknown"
        }
    ]
}