{
    "figures": [
        {
            "geometryType": "cuboid_3d",
            "objectKey": "human",
            "geometry": {
                "position": {
                    "x": 0.35538338990656104,
                    "y": -0.3983710271683614,
                    "z": 3.3732705308199518
                },
                "dimensions": {
                    "x": 1.1236881899080071,
                    "y": 0.25365847969024713,
                    "z": 1.0109750505385737
                },
                "rotation": {
                    "x": 3.0963,
                    "y": -0.00277,
                    "z": -0.02765
                }
            },
            "door": "unknown"
        }
    ]
}