{
    "figures": [
        {
            "geometryType": "cuboid_3d",
            "objectKey": "wear",
            "geometry": {
                "position": {
                    "x": 0.5650753871096484,
                    "y": -0.584734143464187,
                    "z": 1.9395273426445914
                },
                "dimensions": {
                    "x": 0.04885787784330127,
                    "y": 0.028757258266260775,
                    "z": 0.2137499617490711
                },
                "rotation": {
                    "x": 3.08576,
                    "y": -0.21658,
                    "z": -2.95785
                }
            },
            "door": "unknown"
        }
    ]
}