{
    "figures": [
        {
            "geometryType": "cuboid_3d",
            "objectKey": "empty",
            "geometry": {
                "position": {
                    "x": 0.29969536472831915,
                    "y": -0.3703305917696638,
                    "z": 4.023174540270628
                },
                "dimensions": {
                    "x": 0.03000531162194888,
                    "y": 0.011512463613352772,
                    "z": 0.07194357091302925
                },
                "rotation": {
                    "x": -2.9575,
                    "y": 0.53396,
                    "z": 3.08311
                }
            },
            "door": "unknown"
        }
    ]
}