{
    "figures": [
        {
            "geometryType": "cuboid_3d",
            "objectKey": "human",
            "geometry": {
                "position": {
                    "x": 0.411518189205806,
                    "y": -0.36991985423878504,
                    "z": 3.38201217067785
                },
                "dimensions": {
                    "x": 0.38627539374601355,
                    "y": 0.20061371671331252,
                    "z": 1.8634500658756448
                },
                "rotation": {
                    "x": 2.79904,
                    "y": -0.06013,
                    "z": -0.02612
                }
            },
            "door": "unknown"
        },
        {
            "geometryType": "cuboid_3d",
            "objectKey": "human",
            "geometry": {
                "position": {
                    "x": -0.28901408450704225,
                    "y": 0.39920212765957447,
                    "z": 4.0125001000000005
                },
                "dimensions": {
                    "x": 1.2791549295774647,
                    "y": 0.7215957446808511,
                    "z": 2.7749998000000002
                },
                "rotation": {
                    "x": 0.0,
                    "y": 0.0,
                    "z": 0.0
                }
            },
            "door": "unknown"
        }
    ]
}