{
    "figures": [
        {
            "geometryType": "cuboid_3d",
            "objectKey": "human",
            "geometry": {
                "position": {
                    "x": 0.40848951728633875,
                    "y": -0.4864915180806046,
                    "z": 2.5830355860706606
                },
                "dimensions": {
                    "x": 0.1409382549505914,
                    "y": 0.09766248735248251,
                    "z": 0.22533073477634452
                },
                "rotation": {
                    "x": 1.15075,
                    "y": 0.61133,
                    "z": -0.31023
                }
            },
            "door": "unknown"
        }
    ]
}