{
    "figures": [
        {
            "geometryType": "cuboid_3d",
            "objectKey": "human",
            "geometry": {
                "position": {
                    "x": 0.4212830509663192,
                    "y": -0.36510957827440627,
                    "z": 3.2976519581024695
                },
                "dimensions": {
                    "x": 0.27041487557406124,
                    "y": 0.170784627621879,
                    "z": 0.6502685724732536
                },
                "rotation": {
                    "x": -2.91846,
                    "y": -0.02329,
                    "z": -2.04207
                }
            },
            "door": "unknown"
        },
        {
            "geometryType": "cuboid_3d",
            "objectKey": "human",
            "geometry": {
                "position": {
                    "x": 0.5485915492957747,
                    "y": 0.21021276595744676,
                    "z": 3.95337505
                },
                "dimensions": {
                    "x": 0.7963829787234042,
                    "y": 0.5191549295774647,
                    "z": 2.8932499000000003
                },
                "rotation": {
                    "x": 0.0,
                    "y": 0.0,
                    "z": 3.14159
                }
            },
            "door": "unknown"
        }
    ]
}