{
    "figures": [
        {
            "geometryType": "cuboid_3d",
            "objectKey": "empty",
            "geometry": {
                "position": {
                    "x": 0.3542733134869436,
                    "y": -0.6004927100537978,
                    "z": 2.479660226511098
                },
                "dimensions": {
                    "x": 0.04104519269250933,
                    "y": 0.01345073708837019,
                    "z": 0.08065343958535605
                },
                "rotation": {
                    "x": 0.02919,
                    "y": -0.02665,
                    "z": -3.01225
                }
            },
            "door": "unknown"
        }
    ]
}