{
    "figures": [
        {
            "geometryType": "cuboid_3d",
            "objectKey": "human",
            "geometry": {
                "position": {
                    "x": 0.31606227365263184,
                    "y": -0.37279907546431945,
                    "z": 3.2874842643809083
                },
                "dimensions": {
                    "x": 0.26245351368231157,
                    "y": 0.0975920522924057,
                    "z": 0.42579907173492615
                },
                "rotation": {
                    "x": 2.54653,
                    "y": 0.35021,
                    "z": 1.64755
                }
            },
            "door": "unknown"
        },
        {
            "geometryType": "cuboid_3d",
            "objectKey": "human",
            "geometry": {
                "position": {
                    "x": 0.26359154929577455,
                    "y": 0.01515957446808508,
                    "z": 3.9676251000000002
                },
                "dimensions": {
                    "x": 0.4683098591549295,
                    "y": 0.4062765957446809,
                    "z": 2.8647498000000002
                },
                "rotation": {
                    "x": 3.14159,
                    "y": 0.0,
                    "z": 0.0
                }
            },
            "door": "unknown"
        }
    ]
}