{
    "figures": [
        {
            "geometryType": "cuboid_3d",
            "objectKey": "wear",
            "geometry": {
                "position": {
                    "x": 0.29302302252181694,
                    "y": -0.2944959119627134,
                    "z": 4.478879844655509
                },
                "dimensions": {
                    "x": 0.04101631285367101,
                    "y": 0.02074618816651281,
                    "z": 0.055378870089794446
                },
                "rotation": {
                    "x": -0.1102,
                    "y": -0.61376,
                    "z": 2.99416
                }
            },
            "door": "unknown"
        }
    ]
}