{
    "figures": [
        {
            "geometryType": "cuboid_3d",
            "objectKey": "empty",
            "geometry": {
                "position": {
                    "x": 0.4763340116837118,
                    "y": -0.5611562827806026,
                    "z": 2.5682520824291704
                },
                "dimensions": {
                    "x": 0.08080451957606868,
                    "y": 0.004356544498807617,
                    "z": 0.0637841058851236
                },
                "rotation": {
                    "x": -0.88488,
                    "y": -0.29057,
                    "z": -2.2516
                }
            },
            "door": "unknown"
        }
    ]
}