{
    "figures": [
        {
            "geometryType": "cuboid_3d",
            "objectKey": "human",
            "geometry": {
                "position": {
                    "x": 0.1378169014084507,
                    "y": -0.05356382978723406,
                    "z": 4.02375
                },
                "dimensions": {
                    "x": 0.4683098591549295,
                    "y": 0.2688297872340426,
                    "z": 2.7525000000000004
                },
                "rotation": {
                    "x": 0.0,
                    "y": 0.0,
                    "z": 0.0
                }
            },
            "door": "unknown"
        }
    ]
}