{
    "figures": [
        {
            "geometryType": "cuboid_3d",
            "objectKey": "wear",
            "geometry": {
                "position": {
                    "x": 0.5620572151883909,
                    "y": -0.4206313656376232,
                    "z": 3.4198063276811146
                },
                "dimensions": {
                    "x": 0.44694610203681895,
                    "y": 0.12909020438094873,
                    "z": 1.752857926054574
                },
                "rotation": {
                    "x": 0.02326,
                    "y": -0.01937,
                    "z": -2.96226
                }
            },
            "door": "unknown"
        }
    ]
}