{
    "figures": [
        {
            "geometryType": "cuboid_3d",
            "objectKey": "human",
            "geometry": {
                "position": {
                    "x": 0.42706682076732105,
                    "y": -0.4807713394455274,
                    "z": 2.8290354197044465
                },
                "dimensions": {
                    "x": 0.2934824809575626,
                    "y": 0.18900612819936555,
                    "z": 0.8632700778681818
                },
                "rotation": {
                    "x": -0.00058,
                    "y": -0.00572,
                    "z": 3.14126
                }
            },
            "door": "unknown"
        }
    ]
}