{
    "figures": [
        {
            "geometryType": "cuboid_3d",
            "objectKey": "wear",
            "geometry": {
                "position": {
                    "x": 0.30152618998050756,
                    "y": -0.41925777640244216,
                    "z": 3.5994831779295673
                },
                "dimensions": {
                    "x": 0.09273300360832781,
                    "y": 0.04206452888896579,
                    "z": 0.449937013166152
                },
                "rotation": {
                    "x": 0.00802,
                    "y": -0.02702,
                    "z": -2.96578
                }
            },
            "door": "unknown"
        },
        {
            "geometryType": "cuboid_3d",
            "objectKey": "human",
            "geometry": {
                "position": {
                    "x": 0.7305633802816902,
                    "y": 0.658936170212766,
                    "z": 4.40137515
                },
                "dimensions": {
                    "x": 0.34253521126760544,
                    "y": 0.2021276595744681,
                    "z": 1.9972497000000002
                },
                "rotation": {
                    "x": 0.0,
                    "y": 0.0,
                    "z": 0.0
                }
            },
            "door": "unknown"
        }
    ]
}