{
    "figures": [
        {
            "geometryType": "cuboid_3d",
            "objectKey": "wear",
            "geometry": {
                "position": {
                    "x": 0.3200237977647202,
                    "y": -0.5275347250872927,
                    "z": 2.8268654582318495
                },
                "dimensions": {
                    "x": 0.03591058501087725,
                    "y": 0.018012918702580295,
                    "z": 0.3891978153975849
                },
                "rotation": {
                    "x": 2.97364,
                    "y": 0.31998,
                    "z": 1.80752
                }
            },
            "door": "unknown"
        }
    ]
}