{
    "figures": [
        {
            "geometryType": "cuboid_3d",
            "objectKey": "wear",
            "geometry": {
                "position": {
                    "x": 0.37619974189352373,
                    "y": -0.4742382167999677,
                    "z": 3.078642203308248
                },
                "dimensions": {
                    "x": 0.08726910348981048,
                    "y": 0.03567831209151741,
                    "z": 0.5652916610517563
                },
                "rotation": {
                    "x": 3.06238,
                    "y": 0.1503,
                    "z": 1.61013
                }
            },
            "door": "unknown"
        }
    ]
}