{
    "figures": [
        {
            "geometryType": "cuboid_3d",
            "objectKey": "wear",
            "geometry": {
                "position": {
                    "x": 0.3416692096404261,
                    "y": -0.3810517192662379,
                    "z": 3.3452063589880456
                },
                "dimensions": {
                    "x": 0.34424191861506115,
                    "y": 0.0828442665847569,
                    "z": 0.58545183148424
                },
                "rotation": {
                    "x": 0.54127,
                    "y": -0.4229,
                    "z": 2.89072
                }
            },
            "door": "unknown"
        },
        {
            "geometryType": "cuboid_3d",
            "objectKey": "human",
            "geometry": {
                "position": {
                    "x": 0.6261971830985915,
                    "y": 0.14553191489361705,
                    "z": 3.9320001
                },
                "dimensions": {
                    "x": 0.6670212765957448,
                    "y": 0.6422535211267606,
                    "z": 2.9359998000000003
                },
                "rotation": {
                    "x": -0.0,
                    "y": 0.0,
                    "z": -3.14159
                }
            },
            "door": "unknown"
        }
    ]
}