{
    "figures": [
        {
            "geometryType": "cuboid_3d",
            "objectKey": "wear",
            "geometry": {
                "position": {
                    "x": 0.25560305072366235,
                    "y": -0.358285448007186,
                    "z": 3.4085488334269667
                },
                "dimensions": {
                    "x": 0.2842933158142882,
                    "y": 0.16247178536865287,
                    "z": 0.840115718904721
                },
                "rotation": {
                    "x": -2.96534,
                    "y": -0.03207,
                    "z": 0.02207
                }
            },
            "door": "unknown"
        },
        {
            "geometryType": "cuboid_3d",
            "objectKey": "human",
            "geometry": {
                "position": {
                    "x": 0.37330985915492954,
                    "y": -0.08388297872340428,
                    "z": 3.9576251000000005
                },
                "dimensions": {
                    "x": 0.5753521126760561,
                    "y": 0.20819148936170234,
                    "z": 2.8847498000000003
                },
                "rotation": {
                    "x": 0.0,
                    "y": 0.0,
                    "z": 0.0
                }
            },
            "door": "unknown"
        }
    ]
}