{
    "figures": [
        {
            "geometryType": "cuboid_3d",
            "objectKey": "human",
            "geometry": {
                "position": {
                    "x": 0.37343728612620225,
                    "y": -0.34897859551733423,
                    "z": 3.5305640486394854
                },
                "dimensions": {
                    "x": 0.722343953136757,
                    "y": 0.2244654195200504,
                    "z": 1.7430154038909547
                },
                "rotation": {
                    "x": -0.04958,
                    "y": 0.01451,
                    "z": 2.93717
                }
            },
            "door": "unknown"
        },
        {
            "geometryType": "cuboid_3d",
            "objectKey": "human",
            "geometry": {
                "position": {
                    "x": -0.02809859154929578,
                    "y": -0.05962765957446814,
                    "z": 4.13500005
                },
                "dimensions": {
                    "x": 0.44154929577464774,
                    "y": 0.2567021276595745,
                    "z": 2.5299999000000004
                },
                "rotation": {
                    "x": -3.14159,
                    "y": 0.0,
                    "z": 0.0
                }
            },
            "door": "unknown"
        },
        {
            "geometryType": "cuboid_3d",
            "objectKey": "human",
            "geometry": {
                "position": {
                    "x": 0.806830985915493,
                    "y": 0.10207446808510642,
                    "z": 4.4203750500000005
                },
                "dimensions": {
                    "x": 0.3496808510638301,
                    "y": 0.28098591549296,
                    "z": 1.9592499000000008
                },
                "rotation": {
                    "x": -3.14159,
                    "y": 0.0,
                    "z": 0.0
                }
            },
            "door": "unknown"
        }
    ]
}