{
    "figures": [
        {
            "geometryType": "cuboid_3d",
            "objectKey": "wear",
            "geometry": {
                "position": {
                    "x": 0.31308902798881266,
                    "y": -0.4354642105373555,
                    "z": 3.2665285751065807
                },
                "dimensions": {
                    "x": 0.12229940021162387,
                    "y": 0.07757262852559088,
                    "z": 0.7348609957506917
                },
                "rotation": {
                    "x": 3.12067,
                    "y": 0.09834,
                    "z": -3.1271
                }
            },
            "door": "unknown"
        },
        {
            "geometryType": "cuboid_3d",
            "objectKey": "human",
            "geometry": {
                "position": {
                    "x": -0.4455633802816902,
                    "y": 0.5255319148936171,
                    "z": 4.05237505
                },
                "dimensions": {
                    "x": 0.7680281690140844,
                    "y": 0.46893617021276673,
                    "z": 2.6952499000000003
                },
                "rotation": {
                    "x": 3.14159,
                    "y": 0.0,
                    "z": 0.0
                }
            },
            "door": "unknown"
        }
    ]
}