{
    "figures": [
        {
            "geometryType": "cuboid_3d",
            "objectKey": "human",
            "geometry": {
                "position": {
                    "x": 0.34253521126760555,
                    "y": 0.0960106382978724,
                    "z": 4.0027501
                },
                "dimensions": {
                    "x": 0.4790425531914893,
                    "y": 0.35323943661971824,
                    "z": 2.7944998000000005
                },
                "rotation": {
                    "x": 0.0,
                    "y": 0.0,
                    "z": 3.14159
                }
            },
            "door": "unknown"
        }
    ]
}