{
    "figures": [
        {
            "geometryType": "cuboid_3d",
            "objectKey": "human",
            "geometry": {
                "position": {
                    "x": 0.4241801417402837,
                    "y": -0.4636638329106591,
                    "z": 2.787813198500003
                },
                "dimensions": {
                    "x": 0.14352257310155608,
                    "y": 0.12452416380168263,
                    "z": 0.2077149155878697
                },
                "rotation": {
                    "x": -1.69953,
                    "y": 0.98753,
                    "z": -0.17386
                }
            },
            "door": "unknown"
        }
    ]
}