{
    "figures": [
        {
            "geometryType": "cuboid_3d",
            "objectKey": "human",
            "geometry": {
                "position": {
                    "x": 0.0163787594855566,
                    "y": -0.3885746192161257,
                    "z": 3.3156701775976543
                },
                "dimensions": {
                    "x": 0.5622589349725169,
                    "y": 0.23938441245678457,
                    "z": 1.1823492582896784
                },
                "rotation": {
                    "x": -0.16734,
                    "y": -0.03447,
                    "z": 0.02787
                }
            },
            "door": "unknown"
        },
        {
            "geometryType": "cuboid_3d",
            "objectKey": "human",
            "geometry": {
                "position": {
                    "x": 0.413450704225352,
                    "y": 0.15260638297872342,
                    "z": 4.2288751
                },
                "dimensions": {
                    "x": 0.6811702127659578,
                    "y": 0.5378873239436619,
                    "z": 2.3422498000000003
                },
                "rotation": {
                    "x": 0.0,
                    "y": 0.0,
                    "z": -3.14159
                }
            },
            "door": "unknown"
        }
    ]
}