{
    "figures": [
        {
            "geometryType": "cuboid_3d",
            "objectKey": "wear",
            "geometry": {
                "position": {
                    "x": 0.31421024848062235,
                    "y": -0.4492457847137183,
                    "z": 3.265858926495849
                },
                "dimensions": {
                    "x": 0.19148789371130073,
                    "y": 0.12393839680313422,
                    "z": 0.9572898222780777
                },
                "rotation": {
                    "x": 0.02106,
                    "y": -0.03551,
                    "z": -2.87504
                }
            },
            "door": "unknown"
        }
    ]
}