{
    "figures": [
        {
            "geometryType": "cuboid_3d",
            "objectKey": "human",
            "geometry": {
                "position": {
                    "x": 0.5614066866827966,
                    "y": -0.3787810560700304,
                    "z": 2.934646027263696
                },
                "dimensions": {
                    "x": 0.19904171233001872,
                    "y": 0.07619021082235361,
                    "z": 0.7366283807532832
                },
                "rotation": {
                    "x": 2.60656,
                    "y": -0.22492,
                    "z": 1.40919
                }
            },
            "door": "unknown"
        },
        {
            "geometryType": "cuboid_3d",
            "objectKey": "human",
            "geometry": {
                "position": {
                    "x": 0.681056338028169,
                    "y": -0.07074468085106383,
                    "z": 4.0885001
                },
                "dimensions": {
                    "x": 0.5325352112676056,
                    "y": 0.23446808510638315,
                    "z": 2.6229998000000005
                },
                "rotation": {
                    "x": 0.0,
                    "y": 0.0,
                    "z": 0.0
                }
            },
            "door": "unknown"
        }
    ]
}