{
    "figures": [
        {
            "geometryType": "cuboid_3d",
            "objectKey": "human",
            "geometry": {
                "position": {
                    "x": 0.5783849475962077,
                    "y": -0.4722713238281934,
                    "z": 3.136767425232392
                },
                "dimensions": {
                    "x": 0.6875188532210115,
                    "y": 0.23307019386380168,
                    "z": 1.0524536738358161
                },
                "rotation": {
                    "x": -3.10565,
                    "y": 0.23632,
                    "z": -3.12169
                }
            },
            "door": "unknown"
        },
        {
            "geometryType": "cuboid_3d",
            "objectKey": "human",
            "geometry": {
                "position": {
                    "x": 0.5017605633802816,
                    "y": 0.06164893617021275,
                    "z": 3.9212500500000003
                },
                "dimensions": {
                    "x": 0.5860563380281689,
                    "y": 0.4992553191489362,
                    "z": 2.9574999
                },
                "rotation": {
                    "x": 0.0,
                    "y": 0.0,
                    "z": 0.0
                }
            },
            "door": "unknown"
        }
    ]
}