{
    "figures": [
        {
            "geometryType": "cuboid_3d",
            "objectKey": "human",
            "geometry": {
                "position": {
                    "x": -0.7238732394366196,
                    "y": 0.5720212765957448,
                    "z": 4.35575005
                },
                "dimensions": {
                    "x": 0.45225352112676054,
                    "y": 0.3759574468085107,
                    "z": 2.0884999000000004
                },
                "rotation": {
                    "x": 3.14159,
                    "y": 0.0,
                    "z": 0.0
                }
            },
            "door": "unknown"
        }
    ]
}