{
    "figures": [
        {
            "geometryType": "cuboid_3d",
            "objectKey": "wear",
            "geometry": {
                "position": {
                    "x": 0.24746697306241364,
                    "y": -0.22438588725980507,
                    "z": 4.964145884467325
                },
                "dimensions": {
                    "x": 0.06542383312833341,
                    "y": 0.014860871616086058,
                    "z": 0.10942157114270931
                },
                "rotation": {
                    "x": 0.00092,
                    "y": -0.00024,
                    "z": -3.13676
                }
            },
            "door": "unknown"
        },
        {
            "geometryType": "cuboid_3d",
            "objectKey": "human",
            "geometry": {
                "position": {
                    "x": 0.301056338028169,
                    "y": 0.15462765957446806,
                    "z": 4.9711251
                },
                "dimensions": {
                    "x": 0.6852127659574497,
                    "y": 0.33450704225352224,
                    "z": 0.8577498000000033
                },
                "rotation": {
                    "x": 3.14159,
                    "y": -0.0,
                    "z": 0.0
                }
            },
            "door": "unknown"
        }
    ]
}