{
    "figures": [
        {
            "geometryType": "cuboid_3d",
            "objectKey": "wear",
            "geometry": {
                "position": {
                    "x": 0.31428877837241953,
                    "y": -0.31366862252903543,
                    "z": 3.3936700347966613
                },
                "dimensions": {
                    "x": 0.1258471242857308,
                    "y": 0.06988952768510315,
                    "z": 1.1802476878674013
                },
                "rotation": {
                    "x": -3.1304,
                    "y": 0.17165,
                    "z": -3.1326
                }
            },
            "door": "unknown"
        },
        {
            "geometryType": "cuboid_3d",
            "objectKey": "human",
            "geometry": {
                "position": {
                    "x": 0.3612676056338029,
                    "y": -0.008085106382978713,
                    "z": 4.17737505
                },
                "dimensions": {
                    "x": 0.3960563380281692,
                    "y": 0.35978723404255336,
                    "z": 2.4452499000000003
                },
                "rotation": {
                    "x": 0.0,
                    "y": 0.0,
                    "z": 0.0
                }
            },
            "door": "unknown"
        }
    ]
}