{
    "figures": [
        {
            "geometryType": "cuboid_3d",
            "objectKey": "human",
            "geometry": {
                "position": {
                    "x": 0.43222820654375554,
                    "y": -0.39502371907367445,
                    "z": 3.3522872811763733
                },
                "dimensions": {
                    "x": 0.5410384339005101,
                    "y": 0.24385653306148447,
                    "z": 2.2945133259851827
                },
                "rotation": {
                    "x": 2.82344,
                    "y": -0.0482,
                    "z": -0.02391
                }
            },
            "door": "unknown"
        },
        {
            "geometryType": "cuboid_3d",
            "objectKey": "human",
            "geometry": {
                "position": {
                    "x": 0.7666901408450705,
                    "y": 0.18494680851063833,
                    "z": 4.3090001
                },
                "dimensions": {
                    "x": 0.519468085106383,
                    "y": 0.36126760563380517,
                    "z": 2.1819998000000007
                },
                "rotation": {
                    "x": 3.14159,
                    "y": 0.0,
                    "z": -0.0
                }
            },
            "door": "unknown"
        }
    ]
}