{
    "figures": [
        {
            "geometryType": "cuboid_3d",
            "objectKey": "wear",
            "geometry": {
                "position": {
                    "x": 0.37372719942513477,
                    "y": -0.48364198918961326,
                    "z": 3.1509222346671137
                },
                "dimensions": {
                    "x": 0.14294139988532317,
                    "y": 0.07156036743186343,
                    "z": 0.5533305320623743
                },
                "rotation": {
                    "x": 3.08246,
                    "y": 0.27804,
                    "z": -3.10759
                }
            },
            "door": "unknown"
        }
    ]
}