{
    "figures": [
        {
            "geometryType": "cuboid_3d",
            "objectKey": "human",
            "geometry": {
                "position": {
                    "x": 0.2544163087044957,
                    "y": -0.4087558103629239,
                    "z": 3.1156135352398944
                },
                "dimensions": {
                    "x": 0.24053340306161047,
                    "y": 0.2755844359183026,
                    "z": 1.2444636859266656
                },
                "rotation": {
                    "x": 3.01919,
                    "y": -0.02416,
                    "z": -0.02729
                }
            },
            "door": "unknown"
        },
        {
            "geometryType": "cuboid_3d",
            "objectKey": "human",
            "geometry": {
                "position": {
                    "x": 0.2582394366197182,
                    "y": -0.03234042553191491,
                    "z": 4.1386251000000005
                },
                "dimensions": {
                    "x": 0.4790140845070422,
                    "y": 0.3112765957446809,
                    "z": 2.5227498
                },
                "rotation": {
                    "x": 0.0,
                    "y": 0.0,
                    "z": 0.0
                }
            },
            "door": "unknown"
        }
    ]
}