{
    "figures": [
        {
            "geometryType": "cuboid_3d",
            "objectKey": "human",
            "geometry": {
                "position": {
                    "x": -0.003816174057229227,
                    "y": -0.3250965892121605,
                    "z": 3.493623538251429
                },
                "dimensions": {
                    "x": 1.2793703307944673,
                    "y": 0.3338003014543304,
                    "z": 1.6003524031032805
                },
                "rotation": {
                    "x": -0.03969,
                    "y": 0.02273,
                    "z": 2.93099
                }
            },
            "door": "unknown"
        },
        {
            "geometryType": "cuboid_3d",
            "objectKey": "human",
            "geometry": {
                "position": {
                    "x": 0.2876760563380282,
                    "y": 0.1475531914893617,
                    "z": 3.9808751000000004
                },
                "dimensions": {
                    "x": 0.6710638297872341,
                    "y": 0.43619718309859157,
                    "z": 2.8382498000000003
                },
                "rotation": {
                    "x": 0.0,
                    "y": 0.0,
                    "z": 3.14159
                }
            },
            "door": "unknown"
        }
    ]
}