{
    "figures": [
        {
            "geometryType": "cuboid_3d",
            "objectKey": "human",
            "geometry": {
                "position": {
                    "x": 0.4137091631376438,
                    "y": -0.29498754569662844,
                    "z": 3.6106023379890733
                },
                "dimensions": {
                    "x": 0.31447235572416,
                    "y": 0.23496878654876582,
                    "z": 0.9645724271406305
                },
                "rotation": {
                    "x": 3.01571,
                    "y": 0.28805,
                    "z": -3.12489
                }
            },
            "door": "unknown"
        },
        {
            "geometryType": "cuboid_3d",
            "objectKey": "human",
            "geometry": {
                "position": {
                    "x": 0.44690140845070425,
                    "y": -0.027287234042553177,
                    "z": 4.1035001
                },
                "dimensions": {
                    "x": 0.7332394366197181,
                    "y": 0.3213829787234044,
                    "z": 2.5929998000000003
                },
                "rotation": {
                    "x": -0.0,
                    "y": 0.0,
                    "z": 0.0
                }
            },
            "door": "unknown"
        },
        {
            "geometryType": "cuboid_3d",
            "objectKey": "human",
            "geometry": {
                "position": {
                    "x": -0.7747183098591549,
                    "y": 0.5548404255319149,
                    "z": 4.65150005
                },
                "dimensions": {
                    "x": 0.4103191489361733,
                    "y": 0.35056338028169337,
                    "z": 1.4969999000000012
                },
                "rotation": {
                    "x": 0.0,
                    "y": 0.0,
                    "z": -3.14159
                }
            },
            "door": "unknown"
        }
    ]
}