{
    "figures": [
        {
            "geometryType": "cuboid_3d",
            "objectKey": "wear",
            "geometry": {
                "position": {
                    "x": 0.3753436884485699,
                    "y": -0.5199919945548998,
                    "z": 2.952359547393757
                },
                "dimensions": {
                    "x": 0.04071271251787362,
                    "y": 0.02092275264146562,
                    "z": 0.18770477229199428
                },
                "rotation": {
                    "x": -2.8588,
                    "y": -0.18276,
                    "z": -2.02334
                }
            },
            "door": "unknown"
        }
    ]
}