{
    "figures": [
        {
            "geometryType": "cuboid_3d",
            "objectKey": "human",
            "geometry": {
                "position": {
                    "x": 0.365281690140845,
                    "y": -0.06468085106382981,
                    "z": 5.0157501
                },
                "dimensions": {
                    "x": 0.5432394366197228,
                    "y": 0.2465957446808511,
                    "z": 0.768499800000004
                },
                "rotation": {
                    "x": 3.14159,
                    "y": -0.0,
                    "z": 3.14159
                }
            },
            "door": "unknown"
        }
    ]
}