{
    "figures": [
        {
            "geometryType": "cuboid_3d",
            "objectKey": "wear",
            "geometry": {
                "position": {
                    "x": 0.38597746236112596,
                    "y": -0.30608708091704734,
                    "z": 3.9683547325738613
                },
                "dimensions": {
                    "x": 0.4696070980670344,
                    "y": 0.15197247149130882,
                    "z": 1.140671954354118
                },
                "rotation": {
                    "x": 0.02953,
                    "y": -0.02665,
                    "z": -2.94031
                }
            },
            "door": "unknown"
        },
        {
            "geometryType": "cuboid_3d",
            "objectKey": "human",
            "geometry": {
                "position": {
                    "x": -0.0869718309859155,
                    "y": 0.1798936170212766,
                    "z": 3.99525005
                },
                "dimensions": {
                    "x": 0.7573239436619719,
                    "y": 0.6791489361702129,
                    "z": 2.8094999000000005
                },
                "rotation": {
                    "x": 0.0,
                    "y": 0.0,
                    "z": 0.0
                }
            },
            "door": "unknown"
        },
        {
            "geometryType": "cuboid_3d",
            "objectKey": "human",
            "geometry": {
                "position": {
                    "x": 0.808169014084507,
                    "y": 0.5417021276595745,
                    "z": 4.7217502
                },
                "dimensions": {
                    "x": 0.3274468085106418,
                    "y": 0.2783098591549347,
                    "z": 1.3564996000000011
                },
                "rotation": {
                    "x": -3.14159,
                    "y": 0.0,
                    "z": 0.0
                }
            },
            "door": "unknown"
        }
    ]
}