{
    "figures": [
        {
            "geometryType": "cuboid_3d",
            "objectKey": "human",
            "geometry": {
                "position": {
                    "x": 0.33718309859154927,
                    "y": 0.07276595744680847,
                    "z": 4.688125100000001
                },
                "dimensions": {
                    "x": 0.5214893617021277,
                    "y": 0.3746478873239447,
                    "z": 1.4237498000000008
                },
                "rotation": {
                    "x": 3.14159,
                    "y": 0.0,
                    "z": -0.0
                }
            },
            "door": "unknown"
        }
    ]
}