{
    "figures": [
        {
            "geometryType": "cuboid_3d",
            "objectKey": "wear",
            "geometry": {
                "position": {
                    "x": 0.21791476578656932,
                    "y": -0.35954825413712543,
                    "z": 3.2245472723113218
                },
                "dimensions": {
                    "x": 0.21752353677512856,
                    "y": 0.07768428160293651,
                    "z": 0.6557328965412428
                },
                "rotation": {
                    "x": -3.12214,
                    "y": 0.00046,
                    "z": 0.00476
                }
            },
            "door": "unknown"
        },
        {
            "geometryType": "cuboid_3d",
            "objectKey": "human",
            "geometry": {
                "position": {
                    "x": 0.24619718309859157,
                    "y": -0.017180851063829827,
                    "z": 3.9681250500000003
                },
                "dimensions": {
                    "x": 0.4602816901408452,
                    "y": 0.3415957446808511,
                    "z": 2.8637499
                },
                "rotation": {
                    "x": 3.14159,
                    "y": 0.0,
                    "z": 0.0
                }
            },
            "door": "unknown"
        },
        {
            "geometryType": "cuboid_3d",
            "objectKey": "human",
            "geometry": {
                "position": {
                    "x": 0.2461971830985915,
                    "y": 0.4547872340425532,
                    "z": 3.97662505
                },
                "dimensions": {
                    "x": 0.6104255319148941,
                    "y": 0.42816901408450714,
                    "z": 2.8467499000000003
                },
                "rotation": {
                    "x": -0.0,
                    "y": -0.0,
                    "z": -3.14159
                }
            },
            "door": "unknown"
        }
    ]
}