{
    "figures": [
        {
            "geometryType": "cuboid_3d",
            "objectKey": "wear",
            "geometry": {
                "position": {
                    "x": 0.371560382099281,
                    "y": -0.39088891864229236,
                    "z": 3.20646027126109
                },
                "dimensions": {
                    "x": 0.1784893874029167,
                    "y": 0.09217227322065935,
                    "z": 0.30877472393441907
                },
                "rotation": {
                    "x": 3.10356,
                    "y": -0.09088,
                    "z": 1.61359
                }
            },
            "door": "unknown"
        }
    ]
}