{
    "figures": [
        {
            "geometryType": "cuboid_3d",
            "objectKey": "empty",
            "geometry": {
                "position": {
                    "x": 0.28341349357498336,
                    "y": -0.24253571595567228,
                    "z": 4.612078500725499
                },
                "dimensions": {
                    "x": 0.07629853360182316,
                    "y": 0.01589171927514029,
                    "z": 0.32875002726237856
                },
                "rotation": {
                    "x": -0.0026,
                    "y": -0.00219,
                    "z": 3.10588
                }
            },
            "door": "unknown"
        },
        {
            "geometryType": "cuboid_3d",
            "objectKey": "human",
            "geometry": {
                "position": {
                    "x": 0.2341549295774648,
                    "y": 0.02930851063829787,
                    "z": 4.70150015
                },
                "dimensions": {
                    "x": 0.4345744680851066,
                    "y": 0.39338028169014094,
                    "z": 1.3969997000000003
                },
                "rotation": {
                    "x": 0.0,
                    "y": 0.0,
                    "z": -3.14159
                }
            },
            "door": "unknown"
        }
    ]
}