{
    "figures": [
        {
            "geometryType": "cuboid_3d",
            "objectKey": "human",
            "geometry": {
                "position": {
                    "x": 0.20930110751840322,
                    "y": -0.3857217060287475,
                    "z": 3.6126843410573697
                },
                "dimensions": {
                    "x": 0.842986058346312,
                    "y": 0.10264759770411476,
                    "z": 2.7031982062519315
                },
                "rotation": {
                    "x": 0.00236,
                    "y": -0.00163,
                    "z": -3.12037
                }
            },
            "door": "unknown"
        },
        {
            "geometryType": "cuboid_3d",
            "objectKey": "human",
            "geometry": {
                "position": {
                    "x": 0.7024647887323944,
                    "y": 0.4942021276595745,
                    "z": 4.18687505
                },
                "dimensions": {
                    "x": 0.531595744680851,
                    "y": 0.48971830985915715,
                    "z": 2.4262499000000006
                },
                "rotation": {
                    "x": 3.14159,
                    "y": 0.0,
                    "z": -0.0
                }
            },
            "door": "unknown"
        }
    ]
}