{
    "figures": [
        {
            "geometryType": "cuboid_3d",
            "objectKey": "wear",
            "geometry": {
                "position": {
                    "x": 0.2985266782142797,
                    "y": -0.24378827148037777,
                    "z": 4.593153143377209
                },
                "dimensions": {
                    "x": 0.11415624536378557,
                    "y": 0.04173827788478481,
                    "z": 0.3397843085663199
                },
                "rotation": {
                    "x": 3.13371,
                    "y": 0.11997,
                    "z": 3.13624
                }
            },
            "door": "unknown"
        },
        {
            "geometryType": "cuboid_3d",
            "objectKey": "human",
            "geometry": {
                "position": {
                    "x": 0.27964788732394374,
                    "y": -0.041436170212765966,
                    "z": 4.753625100000001
                },
                "dimensions": {
                    "x": 0.2930851063829788,
                    "y": 0.2863380281690142,
                    "z": 1.2927498000000002
                },
                "rotation": {
                    "x": 0.0,
                    "y": 0.0,
                    "z": 3.14159
                }
            },
            "door": "unknown"
        }
    ]
}