{
    "figures": [
        {
            "geometryType": "cuboid_3d",
            "objectKey": "wear",
            "geometry": {
                "position": {
                    "x": 0.29656048444296923,
                    "y": -0.28184747592118,
                    "z": 4.12215078517886
                },
                "dimensions": {
                    "x": 0.10207757568617457,
                    "y": 0.08876597583390189,
                    "z": 0.15948753818056166
                },
                "rotation": {
                    "x": 2.98142,
                    "y": -0.30766,
                    "z": -2.87731
                }
            },
            "door": "unknown"
        },
        {
            "geometryType": "cuboid_3d",
            "objectKey": "human",
            "geometry": {
                "position": {
                    "x": 0.3264788732394366,
                    "y": 0.018191489361702118,
                    "z": 4.57625015
                },
                "dimensions": {
                    "x": 0.41234042553191497,
                    "y": 0.3692957746478873,
                    "z": 1.6474997000000005
                },
                "rotation": {
                    "x": 0.0,
                    "y": 0.0,
                    "z": 3.14159
                }
            },
            "door": "unknown"
        }
    ]
}