{
    "figures": [
        {
            "geometryType": "cuboid_3d",
            "objectKey": "wear",
            "geometry": {
                "position": {
                    "x": 0.4100282208026194,
                    "y": -0.367887360198149,
                    "z": 3.570864972484201
                },
                "dimensions": {
                    "x": 0.28280189772920594,
                    "y": 0.21608475324939366,
                    "z": 1.988978245721611
                },
                "rotation": {
                    "x": -3.11279,
                    "y": 0.20806,
                    "z": -3.11956
                }
            },
            "door": "unknown"
        },
        {
            "geometryType": "cuboid_3d",
            "objectKey": "human",
            "geometry": {
                "position": {
                    "x": 0.3050704225352111,
                    "y": 0.02021276595744681,
                    "z": 4.5572501
                },
                "dimensions": {
                    "x": 0.47633802816901416,
                    "y": 0.4163829787234044,
                    "z": 1.6854998000000005
                },
                "rotation": {
                    "x": 0.0,
                    "y": 0.0,
                    "z": 0.0
                }
            },
            "door": "unknown"
        }
    ]
}