{
    "figures": [
        {
            "geometryType": "cuboid_3d",
            "objectKey": "human",
            "geometry": {
                "position": {
                    "x": -0.7051408450704225,
                    "y": 0.5366489361702128,
                    "z": 4.3881251500000005
                },
                "dimensions": {
                    "x": 0.4897183098591573,
                    "y": 0.4467021276595772,
                    "z": 2.0237497
                },
                "rotation": {
                    "x": 0.0,
                    "y": 0.0,
                    "z": 0.0
                }
            },
            "door": "unknown"
        }
    ]
}