{
    "figures": [
        {
            "geometryType": "cuboid_3d",
            "objectKey": "human",
            "geometry": {
                "position": {
                    "x": 0.37836284573009743,
                    "y": -0.42516160984854684,
                    "z": 2.970095321944513
                },
                "dimensions": {
                    "x": 0.13764646060248079,
                    "y": 0.14600151098446368,
                    "z": 0.23402901598611625
                },
                "rotation": {
                    "x": 3.06893,
                    "y": -0.20213,
                    "z": -2.87768
                }
            },
            "door": "unknown"
        },
        {
            "geometryType": "cuboid_3d",
            "objectKey": "human",
            "geometry": {
                "position": {
                    "x": 0.30774647887323947,
                    "y": 0.042446808510638284,
                    "z": 4.0071251
                },
                "dimensions": {
                    "x": 0.4608510638297873,
                    "y": 0.396056338028169,
                    "z": 2.7857498000000005
                },
                "rotation": {
                    "x": 0.0,
                    "y": 0.0,
                    "z": 3.14159
                }
            },
            "door": "unknown"
        }
    ]
}