{
    "figures": [
        {
            "geometryType": "cuboid_3d",
            "objectKey": "wear",
            "geometry": {
                "position": {
                    "x": 0.24011035017006613,
                    "y": -0.33738828838490414,
                    "z": 3.6364238090984484
                },
                "dimensions": {
                    "x": 0.22968901604951542,
                    "y": 0.11459914447843782,
                    "z": 0.5812081794720991
                },
                "rotation": {
                    "x": -3.093,
                    "y": 0.25154,
                    "z": -3.10891
                }
            },
            "door": "unknown"
        }
    ]
}