{
    "figures": [
        {
            "geometryType": "cuboid_3d",
            "objectKey": "human",
            "geometry": {
                "position": {
                    "x": 0.15339978580170893,
                    "y": -0.374001857044662,
                    "z": 3.3864345265209193
                },
                "dimensions": {
                    "x": 0.4359651648887684,
                    "y": 0.21734531341402788,
                    "z": 1.0643669869230246
                },
                "rotation": {
                    "x": -0.00097,
                    "y": 0.00038,
                    "z": 3.13463
                }
            },
            "door": "unknown"
        },
        {
            "geometryType": "cuboid_3d",
            "objectKey": "human",
            "geometry": {
                "position": {
                    "x": 0.18866197183098593,
                    "y": -0.023244680851063848,
                    "z": 3.8673751000000003
                },
                "dimensions": {
                    "x": 0.5325352112676057,
                    "y": 0.32946808510638304,
                    "z": 3.0652498
                },
                "rotation": {
                    "x": 0.0,
                    "y": 0.0,
                    "z": 0.0
                }
            },
            "door": "unknown"
        }
    ]
}