{
    "figures": [
        {
            "geometryType": "cuboid_3d",
            "objectKey": "human",
            "geometry": {
                "position": {
                    "x": 0.5378873239436619,
                    "y": 0.39313829787234045,
                    "z": 3.9738751
                },
                "dimensions": {
                    "x": 0.6743661971830988,
                    "y": 0.5194680851063829,
                    "z": 2.8522498000000005
                },
                "rotation": {
                    "x": 3.14159,
                    "y": 0.0,
                    "z": 0.0
                }
            },
            "door": "unknown"
        }
    ]
}