{
    "figures": [
        {
            "geometryType": "cuboid_3d",
            "objectKey": "wear",
            "geometry": {
                "position": {
                    "x": 0.24856565088448584,
                    "y": -0.22421296798914805,
                    "z": 4.956084441640253
                },
                "dimensions": {
                    "x": 0.05432400822760425,
                    "y": 0.015487994493189416,
                    "z": 0.11050821820764287
                },
                "rotation": {
                    "x": 0.00483,
                    "y": -0.00121,
                    "z": -3.11916
                }
            },
            "door": "unknown"
        },
        {
            "geometryType": "cuboid_3d",
            "objectKey": "human",
            "geometry": {
                "position": {
                    "x": 0.34788732394366184,
                    "y": 0.13643617021276594,
                    "z": 4.824125
                },
                "dimensions": {
                    "x": 0.6488297872340426,
                    "y": 0.4121126760563388,
                    "z": 1.151750000000001
                },
                "rotation": {
                    "x": -3.14159,
                    "y": 0.0,
                    "z": 0.0
                }
            },
            "door": "unknown"
        },
        {
            "geometryType": "cuboid_3d",
            "objectKey": "human",
            "geometry": {
                "position": {
                    "x": -0.16056338028169004,
                    "y": 0.5871808510638298,
                    "z": 4.2827501
                },
                "dimensions": {
                    "x": 0.8402816901408452,
                    "y": 0.34563829787234046,
                    "z": 2.2344998000000005
                },
                "rotation": {
                    "x": 3.14159,
                    "y": 0.0,
                    "z": 0.0
                }
            },
            "door": "unknown"
        }
    ]
}