{
    "figures": [
        {
            "geometryType": "cuboid_3d",
            "objectKey": "human",
            "geometry": {
                "position": {
                    "x": 0.6848885827199943,
                    "y": -0.40632337740108293,
                    "z": 3.278393531968479
                },
                "dimensions": {
                    "x": 0.634150149110003,
                    "y": 0.1766776761286884,
                    "z": 1.2824450852413913
                },
                "rotation": {
                    "x": 2.93176,
                    "y": 0.02571,
                    "z": -0.04103
                }
            },
            "door": "unknown"
        },
        {
            "geometryType": "cuboid_3d",
            "objectKey": "human",
            "geometry": {
                "position": {
                    "x": 0.5445774647887324,
                    "y": -0.1222872340425532,
                    "z": 4.2061251
                },
                "dimensions": {
                    "x": 0.4576056338028191,
                    "y": 0.13138297872340482,
                    "z": 2.387749800000001
                },
                "rotation": {
                    "x": 3.14159,
                    "y": -0.0,
                    "z": 3.14159
                }
            },
            "door": "unknown"
        },
        {
            "geometryType": "cuboid_3d",
            "objectKey": "human",
            "geometry": {
                "position": {
                    "x": 0.8202112676056338,
                    "y": 0.13037234042553195,
                    "z": 4.63825005
                },
                "dimensions": {
                    "x": 0.3294680851063839,
                    "y": 0.25422535211267927,
                    "z": 1.523499900000001
                },
                "rotation": {
                    "x": -3.14159,
                    "y": -0.0,
                    "z": 3.14159
                }
            },
            "door": "unknown"
        }
    ]
}