{
    "figures": [
        {
            "geometryType": "cuboid_3d",
            "objectKey": "empty",
            "geometry": {
                "position": {
                    "x": 0.26143668194274955,
                    "y": -0.23424381336601746,
                    "z": 4.799821835968069
                },
                "dimensions": {
                    "x": 0.027369375246249092,
                    "y": 0.00895670218127635,
                    "z": 0.037241635442155155
                },
                "rotation": {
                    "x": -0.43197,
                    "y": -1.14932,
                    "z": -1.1902
                }
            },
            "door": "unknown"
        },
        {
            "geometryType": "cuboid_3d",
            "objectKey": "human",
            "geometry": {
                "position": {
                    "x": -0.23683098591549295,
                    "y": 0.6670212765957446,
                    "z": 4.69412515
                },
                "dimensions": {
                    "x": 0.37732394366197164,
                    "y": 0.1859574468085107,
                    "z": 1.4117497000000006
                },
                "rotation": {
                    "x": -3.14159,
                    "y": 0.0,
                    "z": 0.0
                }
            },
            "door": "unknown"
        }
    ]
}