{
    "figures": [
        {
            "geometryType": "cuboid_3d",
            "objectKey": "wear",
            "geometry": {
                "position": {
                    "x": 0.20804170966037672,
                    "y": -0.31346620445117523,
                    "z": 4.219700271295164
                },
                "dimensions": {
                    "x": 0.22907195874704062,
                    "y": 0.07464805048742731,
                    "z": 1.0221144093849672
                },
                "rotation": {
                    "x": -0.03986,
                    "y": 0.01862,
                    "z": 2.83589
                }
            },
            "door": "unknown"
        },
        {
            "geometryType": "cuboid_3d",
            "objectKey": "human",
            "geometry": {
                "position": {
                    "x": 0.14183098591549304,
                    "y": -0.03234042553191491,
                    "z": 4.9305002
                },
                "dimensions": {
                    "x": 0.5191549295774649,
                    "y": 0.3112765957446809,
                    "z": 0.9389996000000007
                },
                "rotation": {
                    "x": 0.0,
                    "y": 0.0,
                    "z": 0.0
                }
            },
            "door": "unknown"
        }
    ]
}