{
    "figures": [
        {
            "geometryType": "cuboid_3d",
            "objectKey": "human",
            "geometry": {
                "position": {
                    "x": 0.6047941411781377,
                    "y": -0.381434450306306,
                    "z": 3.2682452044622123
                },
                "dimensions": {
                    "x": 0.2992160455530006,
                    "y": 0.13713577114051667,
                    "z": 1.172265461787657
                },
                "rotation": {
                    "x": 0.56149,
                    "y": 0.09826,
                    "z": 1.78193
                }
            },
            "door": "unknown"
        },
        {
            "geometryType": "cuboid_3d",
            "objectKey": "human",
            "geometry": {
                "position": {
                    "x": 0.3104225352112676,
                    "y": 0.09196808510638299,
                    "z": 3.9741251
                },
                "dimensions": {
                    "x": 0.5598936170212767,
                    "y": 0.49774647887323975,
                    "z": 2.8517498000000003
                },
                "rotation": {
                    "x": 0.0,
                    "y": 0.0,
                    "z": -3.14159
                }
            },
            "door": "unknown"
        }
    ]
}