{
    "figures": [
        {
            "geometryType": "cuboid_3d",
            "objectKey": "wear",
            "geometry": {
                "position": {
                    "x": 0.2841455613230328,
                    "y": -0.28205611796825436,
                    "z": 4.464035124997393
                },
                "dimensions": {
                    "x": 0.0659370354882161,
                    "y": 0.052524214068478604,
                    "z": 0.2367531763768208
                },
                "rotation": {
                    "x": 0.12367,
                    "y": -0.32369,
                    "z": 3.03451
                }
            },
            "door": "unknown"
        }
    ]
}