{
    "figures": [
        {
            "geometryType": "cuboid_3d",
            "objectKey": "human",
            "geometry": {
                "position": {
                    "x": 0.41471446329490524,
                    "y": -0.3500920538002783,
                    "z": 3.455106531045047
                },
                "dimensions": {
                    "x": 0.2265494637572994,
                    "y": 0.29204873934558234,
                    "z": 1.4459800170491752
                },
                "rotation": {
                    "x": 3.0088,
                    "y": 0.16925,
                    "z": 1.54858
                }
            },
            "door": "unknown"
        },
        {
            "geometryType": "cuboid_3d",
            "objectKey": "human",
            "geometry": {
                "position": {
                    "x": 0.19936619718309861,
                    "y": 0.5093617021276595,
                    "z": 3.9878750500000004
                },
                "dimensions": {
                    "x": 0.5646478873239437,
                    "y": 0.5012765957446809,
                    "z": 2.8242499000000003
                },
                "rotation": {
                    "x": 0.0,
                    "y": 0.0,
                    "z": 0.0
                }
            },
            "door": "unknown"
        },
        {
            "geometryType": "cuboid_3d",
            "objectKey": "human",
            "geometry": {
                "position": {
                    "x": -0.5740140845070423,
                    "y": 0.5235106382978724,
                    "z": 4.00200005
                },
                "dimensions": {
                    "x": 0.7519718309859154,
                    "y": 0.4729787234042553,
                    "z": 2.7959999000000004
                },
                "rotation": {
                    "x": 3.14159,
                    "y": 0.0,
                    "z": 0.0
                }
            },
            "door": "unknown"
        }
    ]
}