{
    "figures": [
        {
            "geometryType": "cuboid_3d",
            "objectKey": "human",
            "geometry": {
                "position": {
                    "x": 0.25579379232080046,
                    "y": -0.42540323465958685,
                    "z": 3.1319073925821623
                },
                "dimensions": {
                    "x": 0.677539583147487,
                    "y": 0.24312691903106048,
                    "z": 1.193264776120904
                },
                "rotation": {
                    "x": 0.06504,
                    "y": -0.00435,
                    "z": -0.01905
                }
            },
            "door": "unknown"
        }
    ]
}