{
    "figures": [
        {
            "geometryType": "cuboid_3d",
            "objectKey": "human",
            "geometry": {
                "position": {
                    "x": 0.21354714361316351,
                    "y": -0.2690448316025741,
                    "z": 4.3493996755400035
                },
                "dimensions": {
                    "x": 0.2595649336162036,
                    "y": 0.11068007416853563,
                    "z": 0.3652792755758648
                },
                "rotation": {
                    "x": -3.11324,
                    "y": 0.00518,
                    "z": 3.07946
                }
            },
            "door": "unknown"
        },
        {
            "geometryType": "cuboid_3d",
            "objectKey": "human",
            "geometry": {
                "position": {
                    "x": -0.7305633802816901,
                    "y": 0.6003191489361702,
                    "z": 4.72987505
                },
                "dimensions": {
                    "x": 0.4388732394366197,
                    "y": 0.3193617021276595,
                    "z": 1.3402499000000008
                },
                "rotation": {
                    "x": 0.0,
                    "y": 0.0,
                    "z": 0.0
                }
            },
            "door": "unknown"
        }
    ]
}