{
    "figures": [
        {
            "geometryType": "cuboid_3d",
            "objectKey": "human",
            "geometry": {
                "position": {
                    "x": 0.3319839047418424,
                    "y": -0.3977286505135895,
                    "z": 3.0953608575107006
                },
                "dimensions": {
                    "x": 0.24019998994976943,
                    "y": 0.2648463063873864,
                    "z": 1.1434723781140907
                },
                "rotation": {
                    "x": 3.11597,
                    "y": 0.00446,
                    "z": -0.00523
                }
            },
            "door": "unknown"
        },
        {
            "geometryType": "cuboid_3d",
            "objectKey": "human",
            "geometry": {
                "position": {
                    "x": 0.38669014084507036,
                    "y": -0.08489361702127657,
                    "z": 4.12825005
                },
                "dimensions": {
                    "x": 0.3719718309859157,
                    "y": 0.2061702127659576,
                    "z": 2.5434999000000005
                },
                "rotation": {
                    "x": 0.0,
                    "y": 0.0,
                    "z": 0.0
                }
            },
            "door": "unknown"
        },
        {
            "geometryType": "cuboid_3d",
            "objectKey": "human",
            "geometry": {
                "position": {
                    "x": -0.7064788732394366,
                    "y": 0.5902127659574468,
                    "z": 4.375625100000001
                },
                "dimensions": {
                    "x": 0.48704225352112673,
                    "y": 0.3395744680851072,
                    "z": 2.0487498000000004
                },
                "rotation": {
                    "x": -3.14159,
                    "y": 0.0,
                    "z": 0.0
                }
            },
            "door": "unknown"
        }
    ]
}