{
    "figures": [
        {
            "geometryType": "cuboid_3d",
            "objectKey": "wear",
            "geometry": {
                "position": {
                    "x": 0.3507909107197798,
                    "y": -0.4528291209823089,
                    "z": 3.321963940982353
                },
                "dimensions": {
                    "x": 0.1263424344843758,
                    "y": 0.12013251284677687,
                    "z": 0.544406544264993
                },
                "rotation": {
                    "x": -2.87048,
                    "y": -0.07329,
                    "z": -2.2644
                }
            },
            "door": "unknown"
        },
        {
            "geometryType": "cuboid_3d",
            "objectKey": "human",
            "geometry": {
                "position": {
                    "x": 0.5084507042253521,
                    "y": 0.46287234042553194,
                    "z": 3.9891251
                },
                "dimensions": {
                    "x": 0.8777464788732394,
                    "y": 0.5942553191489361,
                    "z": 2.8217498000000005
                },
                "rotation": {
                    "x": 0.0,
                    "y": 0.0,
                    "z": 0.0
                }
            },
            "door": "unknown"
        }
    ]
}