{
    "figures": [
        {
            "geometryType": "cuboid_3d",
            "objectKey": "human",
            "geometry": {
                "position": {
                    "x": 0.23828863950131357,
                    "y": -0.3751783970283836,
                    "z": 3.8632625612399107
                },
                "dimensions": {
                    "x": 0.3644597161646341,
                    "y": 0.08735165725308966,
                    "z": 2.040476678086527
                },
                "rotation": {
                    "x": 3.14108,
                    "y": 0.01204,
                    "z": -0.00081
                }
            },
            "door": "unknown"
        }
    ]
}