{
    "figures": [
        {
            "geometryType": "cuboid_3d",
            "objectKey": "wear",
            "geometry": {
                "position": {
                    "x": 0.35637281686480893,
                    "y": -0.35484262476029776,
                    "z": 3.503994556389981
                },
                "dimensions": {
                    "x": 0.21537528236228382,
                    "y": 0.15979962939596887,
                    "z": 1.0383240258861066
                },
                "rotation": {
                    "x": -3.0017,
                    "y": -0.02666,
                    "z": -1.94266
                }
            },
            "door": "unknown"
        },
        {
            "geometryType": "cuboid_3d",
            "objectKey": "human",
            "geometry": {
                "position": {
                    "x": 0.45760563380281694,
                    "y": 0.09601063829787232,
                    "z": 3.9476251
                },
                "dimensions": {
                    "x": 0.5679787234042554,
                    "y": 0.4335211267605632,
                    "z": 2.9047498000000003
                },
                "rotation": {
                    "x": 0.0,
                    "y": 0.0,
                    "z": 3.14159
                }
            },
            "door": "unknown"
        },
        {
            "geometryType": "cuboid_3d",
            "objectKey": "human",
            "geometry": {
                "position": {
                    "x": -0.4776760563380281,
                    "y": 0.30521276595744684,
                    "z": 3.99787505
                },
                "dimensions": {
                    "x": 0.9446478873239437,
                    "y": 0.9095744680851063,
                    "z": 2.8042499000000003
                },
                "rotation": {
                    "x": 0.0,
                    "y": 0.0,
                    "z": 0.0
                }
            },
            "door": "unknown"
        }
    ]
}