{
    "figures": [
        {
            "geometryType": "cuboid_3d",
            "objectKey": "human",
            "geometry": {
                "position": {
                    "x": 0.2616111755614403,
                    "y": -0.4024997260536793,
                    "z": 3.1131108962148386
                },
                "dimensions": {
                    "x": 0.1442606569181859,
                    "y": 0.054663771720766766,
                    "z": 0.386650564845128
                },
                "rotation": {
                    "x": 3.05689,
                    "y": 0.28391,
                    "z": -2.49039
                }
            },
            "door": "unknown"
        },
        {
            "geometryType": "cuboid_3d",
            "objectKey": "human",
            "geometry": {
                "position": {
                    "x": 0.11239436619718306,
                    "y": -0.027287234042553177,
                    "z": 4.01025005
                },
                "dimensions": {
                    "x": 0.4388732394366196,
                    "y": 0.3213829787234044,
                    "z": 2.7794999000000002
                },
                "rotation": {
                    "x": 0.0,
                    "y": 0.0,
                    "z": 0.0
                }
            },
            "door": "unknown"
        },
        {
            "geometryType": "cuboid_3d",
            "objectKey": "human",
            "geometry": {
                "position": {
                    "x": 0.09633802816901404,
                    "y": 0.6265957446808511,
                    "z": 4.3140001
                },
                "dimensions": {
                    "x": 0.5298591549295772,
                    "y": 0.26680851063829786,
                    "z": 2.1719998000000005
                },
                "rotation": {
                    "x": 0.0,
                    "y": 0.0,
                    "z": 0.0
                }
            },
            "door": "unknown"
        }
    ]
}