{
    "figures": [
        {
            "geometryType": "cuboid_3d",
            "objectKey": "wear",
            "geometry": {
                "position": {
                    "x": 0.41532737122818936,
                    "y": -0.45442510458685553,
                    "z": 2.7759848072017768
                },
                "dimensions": {
                    "x": 0.104741254687887,
                    "y": 0.028309403317429673,
                    "z": 0.2107834664494606
                },
                "rotation": {
                    "x": 0.53183,
                    "y": 1.27325,
                    "z": -1.01274
                }
            },
            "door": "unknown"
        }
    ]
}