{
    "figures": [
        {
            "geometryType": "cuboid_3d",
            "objectKey": "wear",
            "geometry": {
                "position": {
                    "x": 0.23097226829769513,
                    "y": -0.22933730827417406,
                    "z": 4.908771760199539
                },
                "dimensions": {
                    "x": 0.03399233937507609,
                    "y": 0.021414617584739462,
                    "z": 0.20544459695255354
                },
                "rotation": {
                    "x": 0.00746,
                    "y": -0.0026,
                    "z": -3.10081
                }
            },
            "door": "unknown"
        },
        {
            "geometryType": "cuboid_3d",
            "objectKey": "human",
            "geometry": {
                "position": {
                    "x": 0.21007042253521135,
                    "y": 0.09803191489361701,
                    "z": 4.6391250500000005
                },
                "dimensions": {
                    "x": 0.5720212765957448,
                    "y": 0.37732394366197197,
                    "z": 1.5217499000000005
                },
                "rotation": {
                    "x": -0.0,
                    "y": 0.0,
                    "z": -3.14159
                }
            },
            "door": "unknown"
        }
    ]
}