{
    "figures": [
        {
            "geometryType": "cuboid_3d",
            "objectKey": "human",
            "geometry": {
                "position": {
                    "x": 0.43602679437395164,
                    "y": -0.4164039975493286,
                    "z": 3.2045982646987135
                },
                "dimensions": {
                    "x": 0.8797661718397338,
                    "y": 0.22033459961869994,
                    "z": 1.2131891187634116
                },
                "rotation": {
                    "x": -3.12749,
                    "y": -0.06645,
                    "z": 3.13347
                }
            },
            "door": "unknown"
        },
        {
            "geometryType": "cuboid_3d",
            "objectKey": "human",
            "geometry": {
                "position": {
                    "x": 0.33718309859154927,
                    "y": -0.08893617021276595,
                    "z": 4.21600005
                },
                "dimensions": {
                    "x": 0.3211267605633801,
                    "y": 0.19808510638297883,
                    "z": 2.3679999000000005
                },
                "rotation": {
                    "x": 0.0,
                    "y": 0.0,
                    "z": 0.0
                }
            },
            "door": "unknown"
        }
    ]
}