{
    "figures": [
        {
            "geometryType": "cuboid_3d",
            "objectKey": "human",
            "geometry": {
                "position": {
                    "x": 0.36180529012147145,
                    "y": -0.36001665893740603,
                    "z": 3.4887772869151172
                },
                "dimensions": {
                    "x": 0.2856121868121553,
                    "y": 0.1874926710576831,
                    "z": 0.9477760646468539
                },
                "rotation": {
                    "x": 2.86984,
                    "y": -0.10468,
                    "z": 1.28706
                }
            },
            "door": "unknown"
        },
        {
            "geometryType": "cuboid_3d",
            "objectKey": "human",
            "geometry": {
                "position": {
                    "x": 0.4054225352112675,
                    "y": 0.017180851063829772,
                    "z": 3.96662505
                },
                "dimensions": {
                    "x": 0.4629577464788732,
                    "y": 0.4103191489361703,
                    "z": 2.8667499000000003
                },
                "rotation": {
                    "x": -3.14159,
                    "y": 0.0,
                    "z": 0.0
                }
            },
            "door": "unknown"
        }
    ]
}