{
    "figures": [
        {
            "geometryType": "cuboid_3d",
            "objectKey": "human",
            "geometry": {
                "position": {
                    "x": 0.2336239559180301,
                    "y": -0.32440839952821465,
                    "z": 3.7010225573096833
                },
                "dimensions": {
                    "x": 0.33148860786804596,
                    "y": 0.15598593994007656,
                    "z": 1.4358178294075798
                },
                "rotation": {
                    "x": 3.04656,
                    "y": -0.21652,
                    "z": -0.82021
                }
            },
            "door": "unknown"
        },
        {
            "geometryType": "cuboid_3d",
            "objectKey": "human",
            "geometry": {
                "position": {
                    "x": -0.43753521126760564,
                    "y": 0.6255851063829787,
                    "z": 4.3057501
                },
                "dimensions": {
                    "x": 0.5271830985915493,
                    "y": 0.2688297872340433,
                    "z": 2.1884998
                },
                "rotation": {
                    "x": -3.14159,
                    "y": 0.0,
                    "z": 0.0
                }
            },
            "door": "unknown"
        }
    ]
}